"experiment","subject","condition","verbalStrategy1","verbalStrategy2","singleFeature","multipleFeature","holisticStrategy","singleDimType","combinedDimType"
"1A","p150212","low","Images with more bluish/cool colors I put into category A, and images with more yellowish/warm colors I put into category B",NA,0,0,1,NA,NA
"1A","p157080","low","BLACK TO THE LEFT.",NA,1,0,0,NA,NA
"1A","p20905","high","Yellow, orange, brown always went on the left side. Any circle that had at least two of those and in the same order also went on the left. Anything that didn't follow that rule, I put on the right. ",NA,0,1,0,NA,NA
"1A","p213384","high","I relied on the presence of orange to make my judgement between A and B",NA,1,0,0,NA,NA
"1A","p25634","low","I think if red was the darkest or most predominant color, it goes on the right side. If green is darkest or most predominant, it goes on the left side.",NA,1,0,0,NA,NA
"1A","p270949","low","The circles with greenish or more natural earth tone colors I put in Cat B. The circles with purple/pink tones included I put in Cat A. After that I just went with instinct with that in mind. ",NA,0,0,1,NA,NA
"1A","p299672","high","Category A was warmer colors and Category B was cooler colors",NA,0,0,1,NA,NA
"1A","p329481","low","the right most color",NA,1,0,0,NA,NA
"1A","p335876","low","It seemed like the upper right wedge was the key. Pink went in the left column, any other color was in the right column.",NA,1,0,0,NA,NA
"1A","p359420","high","If it had a blue wedge it went in Category A. All others went in category B.",NA,1,0,0,NA,NA
"1A","p382311","high","pattern",NA,0,0,0,NA,NA
"1A","p445288","high","No real strategy since I found trying to memorize three colors too difficult. I just tried to develop a feel for the game.",NA,0,0,0,NA,NA
"1A","p451009","low","",NA,0,0,0,NA,NA
"1A","p454103","high","It seemed that blue, red, and purple belonged in category A, and yellow, orange, and brown belonged in category B.  If a sample was presented with a mixture of both category A and B colors, the sample would belong in the category with majority representation. ",NA,0,1,0,NA,NA
"1A","p457572","high","Pies with a blue slice go to group a, pies with an orange slice go to group b.",NA,1,0,0,NA,NA
"1A","p461893","high","more neutral colors went on the right side",NA,0,0,1,NA,NA
"1A","p464208","high","red goes left-orange always goes right",NA,1,0,0,NA,NA
"1A","p475749","low","top right pink sections go left, top right yellow sections go right",NA,1,0,0,NA,NA
"1A","p511864","low","Tried to remember from earlier",NA,0,0,0,NA,NA
"1A","p516446","high","I didn't develop a firm idea of what the categories were.",NA,0,0,0,NA,NA
"1A","p532838","high","If 2/3 of the colors were of the red/blue variety I sorted on way, if the color scheme was 2/3 yellow/orange/brown I sorted the opposite.",NA,0,1,0,NA,NA
"1A","p541886","low","I just did it based on intuition.",NA,0,0,0,NA,NA
"1A","p551916","low","I put the darker graphs in B and the lighter ones in A",NA,0,0,1,NA,NA
"1A","p603987","high","kept rack of which colors went where in the first part.",NA,0,0,0,NA,NA
"1A","p636965","low","I just looked at the color at the top left part and based it off of that. I found that it worked most of the time.",NA,1,0,0,NA,NA
"1A","p653924","high","Red blue and purple were on left, yellow orange and brown on right. If a circle was 2/3 colors that belonged on the left it went left, otherwise it went right.",NA,0,1,0,NA,NA
"1A","p705771","high","just went based on my initial thought and gut feeling ",NA,0,0,0,NA,NA
"1A","p733783","low","I memorized because I wasn't sure what the conditions were/",NA,0,0,0,NA,NA
"1A","p797315","low","Where the green was pointing",NA,1,0,0,NA,NA
"1A","p83212","high","I think red and blue and purple were A, and orange yellow and brown were B. I looked for two of those colors in the circle and thats how i sorted",NA,0,1,0,NA,NA
"1A","p84535","high","Category A = Orange was presentnCategory B = Orange was NOT present",NA,1,0,0,NA,NA
"1A","p870430","high","trying to figure out a pattern",NA,0,0,0,NA,NA
"1A","p884210","low","Depending on the color pattern. Those with 2 or more gray shade should go to the right. If it has only 1 gray shade, it goes to the left. The rest will go to the left.",NA,0,1,0,NA,NA
"1A","p895820","low","The only rule I saw were dark colors were category A and light colors were category B.",NA,0,0,1,NA,NA
"1A","p919764","low","I was only guess it.",NA,0,0,0,NA,NA
"1A","p950416","high","Yes.  I believe I determined that all images with blue would belong to the category on the right, and that all images with yellow would belong to the category on the left.  However, it seemed that if an image had both yellow and blue that blue would override yellow and therefore the image would belong to the category on the right.",NA,1,0,0,NA,NA
"1A","p965102","high","if 2 or more matched one group i went with that category.",NA,0,1,0,NA,NA
"1A","p975756","low","By color",NA,0,0,0,NA,NA
"1B","p118304","high","I consider combinations of colors.",NA,0,0,0,NA,NA
"1B","p144198","low","I thought I had a 'cold vs warm colors' idea but it seems to be wrong.",NA,0,0,1,NA,NA
"1B","p152554","high","Instinct",NA,0,0,0,NA,NA
"1B","p196101","high","I sort images based on a color combination.",NA,0,0,0,NA,NA
"1B","p251781","low","the more pastel colors were in the right B group and the ones with brighter colors went on the left A group",NA,0,0,1,NA,NA
"1B","p255780","low","I noticed Category A had a yellow top right piece, and Category B did not.",NA,1,0,0,NA,NA
"1B","p2679","low","I thought it had to do with the upper left color, but then it didn't",NA,1,0,0,NA,NA
"1B","p297840","high","Category B images had brown in them.",NA,1,0,0,NA,NA
"1B","p307096","low","I just tried to memorize which images should go to which category.",NA,0,0,0,NA,NA
"1B","p325286","low","cold colors vs hot colors",NA,0,0,1,NA,NA
"1B","p388613","high","I decided that anything with red went to the right and anything with out went left",NA,1,0,0,NA,NA
"1B","p400306","low","I think category A is for the cooler colors and category B more for the warmer colors.",NA,0,0,1,NA,NA
"1B","p40774","low","If a circle had gold in it, I put it in category B.  All others went to category A.",NA,1,0,0,NA,NA
"1B","p43746","low","I actually think I got it really quick. If the circle contained the mustard yellow color in the first third of the circle, then it belonged to category A. Everything else was category B.",NA,1,0,0,NA,NA
"1B","p442943","high","Images with at least 2 Primary colors were sorted into category A and those with 1 or fewer primary colors were sorted into category B.",NA,0,1,0,NA,NA
"1B","p452770","high","I guessed for each. ",NA,0,0,0,NA,NA
"1B","p470610","high","Anything with brown in it went in B",NA,1,0,0,NA,NA
"1B","p521566","high","Look for the same color in the upper right hand of the pie.",NA,1,0,0,NA,NA
"1B","p607594","low","If there is brown in the upper right segment, it is B, otherwise, it is A",NA,1,0,0,NA,NA
"1B","p656742","high","if it was dull it went in category a.  bright colors in cat b.",NA,0,0,1,NA,NA
"1B","p657163","low","Certain shades of color were in category A, rest in B",NA,0,0,0,NA,NA
"1B","p676590","high","Category A has a brown third of the pie. Category B has a red third of the pie",NA,1,0,0,NA,NA
"1B","p700234","high","Was trying to match colors best I could.",NA,0,0,0,NA,NA
"1B","p701174","low","The ones with the darker green with a yellow tint to it up the upper right side went in category B the others went in A",NA,1,0,0,NA,NA
"1B","p720473","low","I first noted that there were 3 colors, red, light green, and dark green on one wheel, and blue, light blue, and purple on the other. When red, green, and blue appeared on the same wheel and were sorted into category B I knew that if it had at least 2 of the original 3 colors on it then it went to that side. I tested this theory and I did not miss any other images so I assume this is the correct way to sort the shapes.  ",NA,0,1,0,NA,NA
"1B","p727068","high","A seemed like cooler colors, B like warmer colors.",NA,0,0,1,NA,NA
"1B","p7390","high","Hmm, well it felt like brighter, more vivid colors went into Category B, while duller darker colors fit into Category A.",NA,0,0,1,NA,NA
"1B","p742227","high","I relied on my intuition and 'instinct' about what had gone where before.",NA,0,0,0,NA,NA
"1B","p756846","low","I didn't have a particular strategy, really. A's colors seemed to be a bit warmer than B's.",NA,0,0,1,NA,NA
"1B","p79029","low","At first i tried to determine by bright and dark colors but i could not identify the pattern to the sorting",NA,0,0,1,NA,NA
"1B","p837559","high","I analyzed what particular colors here correct in category A OR b",NA,0,0,0,NA,NA
"1B","p881419","high","if it had brown i put it in B..anything else went in A",NA,1,0,0,NA,NA
"1B","p884130","low","I tried to use the first phase to determine which types or categories of colors belonged in which side. Category B seemed to be brighter, vibrant and more contrasting colors, Category A seemed more grayscale and dull colors.",NA,0,0,1,NA,NA
"1B","p908706","high","Looking at particular colors and where they were in the circle.",NA,0,0,0,NA,NA
"1B","p938065","high","Brown went to B all else went A",NA,1,0,0,NA,NA
"1B","p939616","low","I tried to sort them by color.",NA,0,0,0,NA,NA
"1B","p964545","high","I am not really sure.  I think that if it had any two of the colors blue red or purple it was category A and if it had any two of the colors orange yellow or brown it was category B",NA,0,1,0,NA,NA
"1B","p967728","high","darker deep colors on A and the bright colorful to B",NA,0,0,1,NA,NA
"1B","p975571","high","The consistent colors were red and brown in the upper right of the pie charts. So all of the reds went together and the browns went together. ",NA,1,0,0,NA,NA
"1B","p977529","low","I could not find a pattern, and so I guessed. ",NA,0,0,0,NA,NA
"3A","p118388","low","I looked at the shape in the 1 o'clock section of the image to determine the category. The shape with one large point pointing up was always category A, and the other shape with two even points facing right was always category B.","I only used the shape in the 1 o'clock position.",1,0,0,NA,NA
"3A","p126056","high","Top right corner shapes.","The bear looking thing, and the demented tree",1,0,0,NA,NA
"3A","p156352","low","I was looking at the image in the top right. The determined where things went. ","Images at top right. one had a specific shape that always went to category A.  All others went to B",1,0,0,NA,NA
"3A","p178587","high","It was easy to determine between the two. The one that went to Category B had an elephant shape on it. The one that went to Category B had the shape of an origami swan on it.","Elephant shape and swan shape",1,0,0,NA,NA
"3A","p188122","low","i tried to learn the shapes during the practuce rounds","USED KNOWLEDGE GAINED FROM THE PRACTICE. I CANT REALLY EXPLAIN THE SHAPES THEY WERE RATHER FUNKY.",0,0,0,NA,NA
"3A","p193379","high","i tried looking at the different shapes to see if they looked like they went together ","the larger black shapes",0,0,1,NA,NA
"3A","p212667","high","Category A had a teapot looking thing on the top and category b had a bear or animal looking shape thing on top.","the teapot and the bear.",1,0,0,NA,NA
"3A","p222050","high","Although some of the patterns looked the same I figured out which ones were specific to A and B. The bear shape in the B images made it easier for me to recognize them as B images.","The bear shape image and one on the A images that looked like a swan.",1,0,0,NA,NA
"3A","p22760","low","The image on top right corresponded with different categories and I tried to remember","Top right",1,0,0,NA,NA
"3A","p239102","low","I just kind of felt ones that were tighter bunched when into Category A.","triangles",0,0,1,NA,NA
"3A","p270482","high","I choose B more often","",0,0,0,NA,NA
"3A","p278107","high","I identified a particular shape on each image type and decided based on that shape.","There was a shape like a tree I used on one picture, and one that looked like a large animal on the other.",1,0,0,NA,NA
"3A","p350172","low","Was kind of just guessing as I did not figure out exactly what it was that was different.","all three of them and where they were located.",0,0,0,NA,NA
"3A","p393665","low","The shape in the upper right corner that appeared to have a wing went into the B category, and the one without a wing went into the A category. ","I used the shape in the upper right corner. ",1,0,0,NA,NA
"3A","p41675","high","Remembering images.","The right side was the claw. The left side was the tree stump.",1,0,0,NA,NA
"3A","p48468","high","At first I wasn't sure, then I figured out that only the upper right third of the circle mattered","I don't know how to describe the shape they were all random blobs",1,0,0,NA,NA
"3A","p485594","high","I put the taller objects in the category on the right, and the smaller more compact ones on the left.","The top right shape",1,0,0,NA,NA
"3A","p500297","high","I only responded to the feedback...","the one that appeared a bit like an animal",0,0,0,NA,NA
"3A","p533711","low","Yes - I looked at the image in the top right third of the wheel. That shape seemed to determine where it went - I didn't really pay attention to the other shapes, because that shape seemed to work. There was a \one prong\ and a \two prong\ shape - one prongs went on the left, two prongs went on the right. After the first couple incorrects, I sorted correctly. ","See above - top right third of the wheel image. ",1,0,0,NA,NA
"3A","p608709","low","I memorized the pictures.","The top one on the right.",1,0,0,NA,NA
"3A","p626144","low","Top right image looked like a rabbit, it goes left.\nTop right image looked like a snake, it went right.","Rabbit and snake shape. Top right image.",1,0,0,NA,NA
"3A","p642020","low","I used the first task that told me if I was correct or wrong as a basis for my judgements. ","I mainly looked at the top most shaped and remembered which category that shape belonged in. ",1,0,0,NA,NA
"3A","p655588","low","I TRIED TOO LOOK FOR SHAPE COROLATIONS","ALL OF THEM",0,0,0,NA,NA
"3A","p674670","low","I was looking at the image on the top right to determine which category it was in.","The one on the top right.",1,0,0,NA,NA
"3A","p69605","low","One item in category B looked like a rabbit so I reminded myself B for bunny. Category A had an item that looked like a frog so it was A for Amphibian. ","In both categories I looked at the shapes on the top.",1,0,0,NA,NA
"3A","p739166","high","no, just went my memory of what was right or wrong","the top one",1,0,0,NA,NA
"3A","p752119","low","I named one of the three objects in each stimulus (bird and bunny if you must know), and sorted according to that single object.","The upper right shape.",1,0,0,NA,NA
"3A","p754866","low","Looked at the top right image of the three","Top right",1,0,0,NA,NA
"3A","p75780","high","Category A always had the figure I labeled \man dude\ in the upper right and Category B always had the \hand thing/crane\ in the upper right, so I based them all on that.","The one that looked like a man for A and the one that looked like a crooked hand for B. But only if they were in a certain position.",1,0,0,NA,NA
"3A","p767045","low","None at all. ","If I saw a difference. ",0,0,0,NA,NA
"3A","p773627","low","i looked at the top right image","i looked at the top right image",1,0,0,NA,NA
"3A","p844911","low","I took one shape that I was sure of and put in in the same place every time","The one that looked like a \hangman\ game",1,0,0,NA,NA
"3A","p907332","high","After seeing the practice round, I thought one of the images in A looked like a tree stump and one of the ones in B looked like an animal so I sorted them that way.","tree stump and animal",1,0,0,NA,NA
"3A","p946632","low","mostly category B but I don't know why","none",0,0,0,NA,NA
"3A","p947691","high","I followed my intuition","The 3 shapes",0,0,0,NA,NA
"3A","p9542","low","I tried to remember just based on the shapes which went where but it was extremely difficult.","All of them",0,0,0,NA,NA
"3A","p978196","high","If it had the sharp looking shape, it belonged in category B.","The sharp looking shape that looks like it is holding a staff.",1,0,0,NA,NA
"3A","p991210","high","I used the image on the top right. ","The tall image in the top right.",1,0,0,NA,NA
"3B","p103609","high","I paid attention to the shapes","I used the shapes that differed on each choice.",0,0,0,NA,NA
"3B","p111096","high","Initially I tried sorting the ones with the long skinny, boxy shape in them into category A, and it worked, so I stuck with it.","The one that looked like two skinny rectangles stuck together.",1,0,0,NA,NA
"3B","p120885","high","The image with the stick like part was always in B and the big sqiggly that looks like a swan was in A","Swan and Stick",1,0,0,NA,NA
"3B","p123598","high","I tried to remember one specific image that was correct on each side. There was a dinosaur looking shape on one side and there's a plant looking shape on another.","Plant and Dinosaur",1,0,0,NA,NA
"3B","p134910","low","At first I thought maybe the positioning of the shapes in the circle was the determining factor, then I realized the images needed to be categorized based on the black shapes within them. One set of black shapes always meant category A, and the other set of black shapes meant category B. ","There was one particular black shape with a large gap in it, I knew the set of shapes it belonged to always went to category A. ",1,0,0,NA,NA
"3B","p143519","low","I recognized one of the shapes that I thought looked like a swan.","One that looked like a swans head looking to the left.",1,0,0,NA,NA
"3B","p156474","high","At first, I was focused on the positions of the shapes and where they were located. Then, I started to focus on the shapes themselves. After a few mistakes, I started noticing that a certain shape would always be on the left, and another shape would always be on the right. It always seemed to be about two shapes and the others didn't matter. Once I figured this out, all I had to do was focus on these two shapes and that would tell me whether they belonged in category a or category b.","The first shape I used to make my decision was the one which looked like a swan. It was always in category a. Then, the other shape that I used to make my decision was the one that looked like a tall desert mesa, which was always in category b.",1,0,0,NA,NA
"3B","p164942","low","There was a part of one of the images sticking out and that belongs to B","Based on the part that was sticking out.",1,0,0,NA,NA
"3B","p17502","low","It was a particular way they were flipped, but it was much harder without feed back","The ones with the sharp ends.",0,0,1,NA,NA
"3B","p185689","low","I thought the shapes with the angle facing right usually went in the right box","it was like a circle with a hook coming out of it",1,0,0,NA,NA
"3B","p188992","low","I sent the ones with mostly pointed edges left and the ones with more square edges to the right. ","squares",0,0,1,NA,NA
"3B","p205273","high","The cup looking thing goes left and the scribble goes right.","The cup looking thing goes left and the scribble goes right.",1,0,0,NA,NA
"3B","p232179","low","I guessed based on intuition. For the images that had two black shapes with large empty holes in their bodies, they seemed to be more category A.","The entirety of the image.",0,0,1,NA,NA
"3B","p237236","high","Category A would be a shape that looks like dragon, Category B would be anything else","Dragon shape",1,0,0,NA,NA
"3B","p264328","low","i used the oragami frog shaped thing to the left, others to the right","frog",1,0,0,NA,NA
"3B","p266479","low","There was one shape that I found in the training that made it in the A category so whenever I saw that I put it in A and everything else in B. ","Just one shape, didn't matter the position on the wheel. It's hard to describe the shape since they are all kind of abstract. ",1,0,0,NA,NA
"3B","p273035","high","I particularly paid attention to the one shape that looked like a dragon.  I figured out the pattern that that shape fit into the same category","the one shaped like a dragon",1,0,0,NA,NA
"3B","p289090","high","Skinny long pole went in the right and squat stuff on the left","Skinny long pole went in the right and squat stuff on the left",1,0,0,NA,NA
"3B","p30211","low","I tried to pay attention to the shapes and which direction the images seemed to be \turning\","open or closed, angled or not, etc.",0,0,1,NA,NA
"3B","p302663","high","There was one specific type of shape that had a long skinny part that jutted out. If I saw that part of the shape, I put them in category B and if I didn't, I put them in category A.","Parts of shapes that were long, skinny and jutted out.",1,0,0,NA,NA
"3B","p31467","high","the pictures the one that looked like a cactus to the right without cactus to the left","cactus looking",1,0,0,NA,NA
"3B","p331904","low","I decided to put them all on one side that I could have about a 50% chance of correct answers.","used all of them",0,0,0,NA,NA
"3B","p354954","low","I looked for the shape that looked like a rabbit and I knew that was category B.","the one that looked like a rabbit.",1,0,0,NA,NA
"3B","p361001","high","It was something that looked like it was the shape of a bear. If the image had that shape I dragged it to the right side ","the shape that looked like a bear ",1,0,0,NA,NA
"3B","p387127","low","I used the feedback and then tried to memorize which shape belonged to group A or B.","I noticed that Group A had a sharp point.",1,0,0,NA,NA
"3B","p399387","high","I decided to keep putting the same shapes onto the left right from the beginning. ","If I saw a crane shape, it would go to the right",1,0,0,NA,NA
"3B","p417548","low","I  used the feedback and I paid attention to the shapes","all of them ",0,0,0,NA,NA
"3B","p417810","high","i went with how similar the shapes were to what I notice was the correct categorization form the earlier round","there is only one shape from each category that I use to decide, as the others doen't seem to matter",1,0,0,NA,NA
"3B","p445847","low","I tried to pay attention to which specific shapes and placements went where","? Location and specific shapes",0,0,0,NA,NA
"3B","p446657","low","I looked for a shape that looked like a rabbit and it seemed to always go into category A so I always put the shape in category A if it had the rabbit and if it didnt' it went in category B","A rabbit shaped piece",1,0,0,NA,NA
"3B","p459378","high","My strat was if you saw the boot with the stick go to B anything else i went to A","I think the boot with the stick has the greatest influence.",1,0,0,NA,NA
"3B","p461727","high","The kermit the frog character went to the left and the dragon went to the right","The kermit the frog and the dragon",1,0,0,NA,NA
"3B","p470875","low","One had a shape that looked like a bunny, that one was always category A. The other had a shape that looked like hair, that was category B.","Bunny and hair",1,0,0,NA,NA
"3B","p478884","high","I associated on of the shapes in category A with a witch. This shape appeared in each picture that belonged on that side. Category B had a frog that I associated with it.","One that appeared to me to be a witch, and one that appeared to be a frog.",1,0,0,NA,NA
"3B","p48105","high","I tried to remember where the shapes went in the first trial. I memorized what shapes to recall.","I used a skinny shape and a large shape with 3 pointed sides.",1,0,0,NA,NA
"3B","p482973","low","By one particular shape that looked a little bit like an anchor at one point. ","The one shape that had a bit of an anchor shape to it at the top. I always sorted that one to the left and it was always accepted that way. ",1,0,0,NA,NA
"3B","p488843","high","I check for the shape with the rectangle  and put it in category A. Everything else goes to B.","The shape with the rectangle piece.",1,0,0,NA,NA
"3B","p502257","low","I noticed that one shape looked like a dolphin and the ones that had this shape went on the left.  One circle had shapes that looked like two squid and those went on the right.  ","the dolphin looking one mainly",1,0,0,NA,NA
"3B","p508988","high","The general rule I made was if there was a Tree looking figure it went into category A. If there was a Swan looking figure it went into category B.","Tree and Swan",1,0,0,NA,NA
"3B","p51502","low","I looked for one key shape each. I gave them a physical attribute, but realized I only needed to see if there was a hand-looking shape or not.","The one that resembles a hand.",1,0,0,NA,NA
"3B","p541606","low","I have no idea, but I finally started putting the ones that have two long narrow slits in the patterns on the left side, and all others on the right, and only one was wrong, so I went with that.","The long slits in the shapes.",1,0,0,NA,NA
"3B","p559611","low","the one image reminded me of a shark and I knew it went into A","shark went into a",1,0,0,NA,NA
"3B","p563940","low","there was a certain type of shape that belongs in a no matter what part of the circle it's in, (i think)","i can't describe it it has s diamond like body",1,0,0,NA,NA
"3B","p57254","high","For the 'A' side I looked for the weird, snake-like origami figure and for the 'B' side I looked for the tall, tower or fish like shapes. That was my only set of rules.","As noted above, the tower, fish, and snake-like origami figures",1,0,0,NA,NA
"3B","p584397","low","Of the two shapes presented in in image, one of them was easier to memorize that the other, so after some trial and error, I memorized the easier part of the image. ","I used the one with the flat top to go in category A, and the one with a pointy top to go in category B.",1,0,0,NA,NA
"3B","p589583","high","There was an image that looked like a tower that would sometimes show up. This image seemed to always belong in the left category. There was also an image that looked like a swan (or a thick lightning bolt). This image seemed to always belong in the right category. The rest of the images did not seem to matter. ","One looked like a tower and the other looked like a swan (or a thick lightning bolt)",1,0,0,NA,NA
"3B","p589779","low","I guessed at first, then realized that Category A and B always had a unique, exclusive shape that only fit with their category.","One that reminded me of a rabbit went to A, and another that looked like a wig went to B.",1,0,0,NA,NA
"3B","p601847","low","I tried to memorize the shapes.","I looked at the white interior of the black shape.",0,0,0,NA,NA
"3B","p608113","high","I quickly figured out that the frog like shape went to A and the skyscraper looking shape went to B","Frog & skyscraper",1,0,0,NA,NA
"3B","p615475","high","I noticed a specific shape to figure out which ones belonged in category A or B.","There was a weird shape that kind of looked like a bird, which went to A. There was a longer shape which I new went to B.",1,0,0,NA,NA
"3B","p623701","low","I looked at the orientation of the design within the shape. ","If they were more jagged or not. ",0,0,1,NA,NA
"3B","p627597","high","I tried to figure out what was common among the images that would go into a particular group. I quickly discovered that there was one particular shape which would always go into category A, and another shape which would always go into category B. Once I figured out which shape went into which category, it was pretty easy from that point forward.","There were two shapes which I paid attention to. The shape which was vertical, skinny, and long always would go into category B. There was another shape which looked like the letter \W\ (in my mind anyways), which would always go into category A.",1,0,0,NA,NA
"3B","p632974","high","I decided the bulky image should go to the right. The less bulky goes to the left.","Bulky and not bulky.",1,0,0,NA,NA
"3B","p643531","high","Images with the standing sticks went into b and the ones with the swan looking thing went into a. ","The swan looking thing and the sticks looking thing. ",1,0,0,NA,NA
"3B","p657337","high","Tall skinny picture was A, everything else was B","The tall skinny one was A",1,0,0,NA,NA
"3B","p662238","low","none","no",0,0,0,NA,NA
"3B","p696779","high","I noticed when the shape which looked like a bong appeared the image belonged on the right about 100% of the time. At first I thought they should be sorted by which side of the circle the shapes were on. ","The bong shape.",1,0,0,NA,NA
"3B","p729911","high","I sorted the images based on the patterns I saw in the shapes. I noticed one set of shapes was longer and pointier, so that belonged to one group, while the other set of shapes was rounder and softer, so that belonged to the other group.","The long and pointy shapes and the really round shapes.",0,0,1,NA,NA
"3B","p741746","high","I was able to use the feedback to identify which specific shape was causing an error. So if I saw that shape was present at all, that meant it went into the B category, and if it was absent, then the image goes into the A category.","the long upright shape",1,0,0,NA,NA
"3B","p755162","high","I focused first on the location of objects, but it quickly became apparent that the presence of 2 of the shapes was the sole determining factor, and stuck with that.","The one that looked vaguely like a bird, and the one that looked like pyramid head from the Silent Hill games.",1,0,0,NA,NA
"3B","p765659","low","It seemed like when one of the shapes had a separation in it, then that was when I moved it to the right.","the shape with two extension, if that makes sense",1,0,0,NA,NA
"3B","p768114","high","There was one longer shape that I noticed always fit in the left and a shorter shape I noticed always fit in the right. At first I thought it was about the arangment of the pie chart, but then I realized it was the shames themselves.","The longer thinner looking shape and the shorter rounder one.",1,0,0,NA,NA
"3B","p788253","low","I just picked a certain shape and put them on one side and everything else on the other side.","The one that kind of looked like a hook.",1,0,0,NA,NA
"3B","p789926","low","There was one shape that made it category A. It was the one that was kind of a long, hunched over shape(it had a square type space). If it had one of those, it was in A. ","I used that specific shape with the square cutout described above. ",1,0,0,NA,NA
"3B","p793202","low","I paid attention to the shapes and previous feedback","the darker shapes",0,0,0,NA,NA
"3B","p813495","high","All the circles only had two sections of the three with shapes, so I couldn't use that. I paid attention to which shapes fit in which categories. One shaped looked like a wizard or chess piece, and that one always went in category A. If that shape was absent, it always went in category B.","wizard/chess piece",1,0,0,NA,NA
"3B","p815232","high","i figured the longer skinnier shape always is at A and fatter ones at B","skinny long vs fat",1,0,0,NA,NA
"3B","p817399","low","I tried to identify the shapes...or give a couple of them a name to help with remembering which one went where. I got a little confused b/c I though there were only 2 pairs of shapes but I think there were more like 4 but only 2 shapes determined which circle went to which category.","One that looked like a rabbit and one that looked like a claw.",1,0,0,NA,NA
"3B","p82888","low","i got the first two right then it was pretty obvious by the shape","that one shape in category B was always present for anything category b not for category A",1,0,0,NA,NA
"3B","p847891","high","The shape with the funny stick like thing on its right I put on the B category. The big clumpy shape I put in the A category. When those two shapes I described were presented together I put priority on the stick like shape and placed it in the B. I followed that strategy throughout after the first few incorrect responses. It was the pattern I developed and stuck with when the responses were positively correct in its feedback to me and used it for the 2nd portion of the test.","I used the shape with the high stick or pole for B and the big clumpy shape of black for A. When paired I placed it in B.",1,0,0,NA,NA
"3B","p864823","high","I used one shape in particular to decide where to put it. It looked like a fish to me.","The one that looked like a fish.",1,0,0,NA,NA
"3B","p866079","low","I am sorry i did not come up with any plan. I could not get a pattern. It was random","Non it was random",0,0,0,NA,NA
"3B","p869566","high","The picture with the skinny tail went to the right and the other went to the left.","the one with the skinny tail.",1,0,0,NA,NA
"3B","p875810","high","By the shapes.","The polar bear mostly.",1,0,0,NA,NA
"3B","p911100","low","I remembered 2 specific shapes, the one on the right had a thin long lone the other didnt","The one on the right had a thin long line, the one on the left didnt.",1,0,0,NA,NA
"3B","p913075","high","The tall glass statue or liberty looking thing goes to A, it overrides other shapes. The cut out piece of paper thing goes to B, it overrides the other shapes.","the glass / drink thing and the cut out paper shape",1,0,0,NA,NA
"3B","p919755","high","I managed to figure out the patterns and where they belonged.","The black shapes inside the triangles",0,0,0,NA,NA
"3B","p927822","low","The shape with more dark area seemed to go to cat B than A","one that reminded me of a cat",1,0,0,NA,NA
"3B","p944129","high","If it had the little stick thing that looked like a monument and then the thing next to it sticking up, I put it in A, and if it had the big splotchy thing that just looked like a blob of spilt milk, then I put it in B. That seemed to work well for me, since it didn't really seem like the location of the shapes made all that much difference.","the monument with the little stick thing\n-the blobby thing",1,0,0,NA,NA
"3B","p950608","high","I mostly did pay attention to the shapes though - any with the candle-shaped silhouette seemed to belong in category B, while others belonged in A.  I mainly tried to look for that candle-shape.  ","See above - mostly the candle-shaped one of B, as it was easy to pick out. ",1,0,0,NA,NA
"3B","p958295","low","I used the rule of only paying attention to the left most part of the circle that mostly. If it did not have the elongated shape then it went to the left. If it did have the elongated straightish shape then it went to the right. ","Elongated straight shape almost always went to the right. ",1,0,0,NA,NA
"3B","p963933","low","I paid attention to the shapes","the ones on the top",0,0,0,NA,NA
"3B","p968237","low","One of the images always appeared in the right category, so I chose the category based on that.","The one with the triangular shape that looks like a wizard with his hat flopped over.",1,0,0,NA,NA
"s4_shape+color","p105472","high","I used feedback, the problem was my memory - which I trusted too much and it failed me. I should have wrote down my notes. I don't know if this was the case but I just went off the color and shape of the left lower object.","The brown W zig zag one was right, and if was red it was left. Then the other shape was the opposite of those. It seemed to work when I could remember, but it got confusing and my memory sort of sucks. ",1,0,0,0,1
"s4_shape+color","p108274","high","I tried to look at which colors went together when. For instance, red and orange went together pretty often in group B so I would do that.","Red Brown Orange",0,1,0,1,0
"s4_shape+color","p127616","low","I tried to pay attention to the colors more than the shapes, I figured that I did not have any pink ones in category A so they must go to B and so on. ","Pink and Yellow",1,0,0,1,0
"s4_shape+color","p131774","low","I simply tried to remember which went where. I didn't use a particular rules. I was never able to discover one.","I tried to remember red, pink, green and gold. I tried to remember shapes by remembers what they looked like if applicable. Some looked like a person, others like a boat for instance.",0,0,0,0,0
"s4_shape+color","p133641","low","I didn't have  a rule, I just went with instinct.","I'm not sure, I just went with what felt right",0,0,0,0,0
"s4_shape+color","p189982","high","I labeled the bottom shapes and colors a certain way, and paid attention to the feed back. Dragon-red and Dragon brown were always opposites.","The red and brown.",1,0,0,0,1
"s4_shape+color","p191171","high","I noticed that the bottom right part seemed to change more and more significantly than the top part so I focused on that.  Eventually it seemed like that part was what really mattered for sorting.","The skinny candle-like shape and the rectangular shape, and whether it was red or brown.",1,0,0,0,1
"s4_shape+color","p22378","high","I had no specific strategy other than just putting them in whatever box I chose at the moment. ","none specifically, just dropped them in a box that I felt I wanted to put them in",0,0,0,0,0
"s4_shape+color","p244442","low","i did it randomly","no idea",0,0,0,0,0
"s4_shape+color","p249223","low","Well it was always the bottom right. The image which looked more like the triangle shark (idk) was always grey, right and the green L shark was always right as well. The opposite colors of those two shapes went to the other side.","Um... green and grey and the weird sharks either L or pointy triangle lol I sound so dumb",1,0,0,0,1
"s4_shape+color","p24961","high","I tried to just use one symbol and identify what category that was on both sides. I noticed a few pattern color combinations were always correct so I went from there.","red torch, brown whatever that wood looking thing was",1,0,0,0,1
"s4_shape+color","p250171","low","I said in my head that the purple bunny and green lady went in the same box while the green bunny and purple lady went in the same box. ","I used green and purple and the shape of a woman's face and a bunny. ",1,0,0,0,1
"s4_shape+color","p257898","high","I decided to try the experiment by thinking as little as possible and see how it would go. As it turns out it did not go too well but it certainly could have gone worse.","I did not consciously rely on either.",0,0,0,0,0
"s4_shape+color","p26531","high","I could never figure it out.","I randomly chose.",0,0,0,0,0
"s4_shape+color","p297829","high","I have no idea. I tried hard to understand the qualities that would separate the two, but I could not discern.","I tried to look at the separate shape and the separate colors.",0,0,0,0,0
"s4_shape+color","p331810","high","red piece seemed to be the real decision maker. Others counted but the red piece trumped everything","the chess price shape that was red.",1,0,0,0,1
"s4_shape+color","p347589","high","I usually tried to match one of the shapes up that were identical and just went with that.  ","purple",0,0,0,0,0
"s4_shape+color","p36072","high","It seemed like only the shape at the bottom mattered, so I ignored the top shape, and only tried to place the bottom shape in the correct category.","I used the shapes that were at the bottom.",1,0,0,1,0
"s4_shape+color","p369973","high","gut feeling","none ",0,0,0,0,0
"s4_shape+color","p404969","low","The test itself was easy because the shapes stayed consistent, along with most of the colors, so it was simply a matter of memorization. The phase I completed right before this section, however, confused me, because the shapes were suddenly different. I tried to wing it - in other words, I let my gut decide which was the right category.","Green was my guiding color, and salmon, also.",1,0,0,1,0
"s4_shape+color","p405952","low","It was hard to decide whether to sort images into which category. I did not notice a pattern at all. ","None",0,0,0,0,0
"s4_shape+color","p419438","high","","",0,0,0,0,0
"s4_shape+color","p437265","high","I used the feedback","purple",0,0,0,0,0
"s4_shape+color","p438046","high","I thought about the left side's color and shape and learned where it was accepted and rejected via trial and error.","I used the shapes on the left side. Usually they were red or brown.",1,0,0,0,1
"s4_shape+color","p458500","high","Honestly, guys, I couldn't sense a pattern at all with the shapes/colors.  It all seemed rather random to me.","None.  I could NOT detect a pattern at all.  Sorry.",0,0,0,0,0
"s4_shape+color","p464834","low","I was trying to use my memory to remember which category the shapes belonged to. It was definitely more difficult than I thought it would be.","I used all the shapes and colors I suppose.",0,0,0,0,0
"s4_shape+color","p470009","high","I only payed attention to the top section of each image. Brown went to the right and red went left, regardless of shape.","I explained this above. Brown to the right red to the left of the top section of each image.",1,0,0,1,0
"s4_shape+color","p510913","high","I sorted the images according to the symbol on the top half.","brown shape with stick and red w shape were A\nred shape with stick and brown w shape were B",1,0,0,0,1
"s4_shape+color","p557673","high","I went based on feel","I didn't have a particular method. ",0,0,0,0,0
"s4_shape+color","p568308","low","colors seemed to be more important","just colors",0,0,0,1,0
"s4_shape+color","p574421","high","I paid attention to the patterns of color, shape, and correctness","Shapes",0,0,0,0,0
"s4_shape+color","p578411","low","I could not discover the rules in play in the limited time with this experiment.","None of them, I just had to guess.",0,0,0,0,0
"s4_shape+color","p580791","high","I did not notice any patterns, I was guessing for the most part","just instinct",0,0,0,0,0
"s4_shape+color","p602324","high","I used the color and size of the shape on the left to determine which category each shape belonged to","Large brown and thin red went to the left, small brown and large red went to the right",1,0,0,0,1
"s4_shape+color","p628682","low","I used the feedback mostly. ","i tried to match the colors.",0,0,0,1,0
"s4_shape+color","p645962","high","I tried to find a pattern within the shapes and colors, but I could not seem to find one.  I am wondering now, if there was a pattern in the order that the shapes were presented, for example, the first and second go the left, third to the right, continue...?","I tried to look at the the correlation between the larger shapes and the colors presented together.",0,0,0,0,0
"s4_shape+color","p659223","low","I went by the colors and then by shape.","I sorted them green on the left, purple on the right.",1,0,0,1,0
"s4_shape+color","p672760","low","I did not use any rule, I could not figure out any rule as to why certain shapes went to either category.","None, I felt frustrated by trying to figure it out and getting nowhere, so the last trial I was just guessing.",0,0,0,0,0
"s4_shape+color","p748607","low","I tried to find patterns in certain colors/shapes being consistently in the same category.","The green one that looked like a leaf was always Category A... I think. When it was pink, I think it was Category B.",1,0,0,0,1
"s4_shape+color","p845989","low","","",0,0,0,0,0
"s4_shape+color","p869574","low","the white bunny and the lime green squarish thing went on the left. the lime green bunny and the other colored squarish things went on the right. i was only paying attention to the image on the left side. not the right side.","white bunny and lime green squarish thing go on the left. everything else goes on the right.",1,0,0,0,1
"s4_shape+color","p869590","high","I never caught on to the rule that dictating which box was correct.  Therefore, I performed poorly on the tests.","No clue",0,0,0,0,0
"s4_shape+color","p87255","high","Through shapes\n","all  shapes and colors",0,0,0,0,0
"s4_shape+color","p876657","high","I looked at one of the shapes. For the shape that looked like a swan on the left portion of the circle, I noticed if it is red the image should be sorted into Category A and if it was brown then it goes in Category B. For the ones that had the longish shape, if it was brown then it went in Category A. If it was red then it goes in Category B.","I used the shapes that were on the left portion of the circle which were either brown or red. I didn't pay attention to the orange and purple shapes at all.",1,0,0,0,1
"s4_shape+color","p881978","low","i use the shape ","square rectangle ",0,0,0,1,0
"s4_shape+color","p88402","low","I paid attention to feed back and tried to figure out the patterns but never did.","Green and purple colors",0,0,0,1,0
"s4_shape+color","p891178","high","If the leftmost figure in the image was the brown tree stump looking thing or the red leaf looking thing, it went into the lefthand box. If not, it went into the righthand box.","The color and shape of the leftmost figure in the image.",1,0,0,0,1
"s4_shape+color","p902869","high","In the beginning, I just guessed. However, I noticed a pattern. Whenever the leftmost image was either a red tower looking blot or a brown bird looking blot, that went into category A. The rest went into category B.","I used the red and brown colors and the left most image. In my mind, I thought, red towers and brown birds go to the left.",1,0,0,0,1
"s4_shape+color","p919175","low","I used the shape and the color of the bottom shape.","Bottom shape, gray or green.",1,0,0,0,1
"s4_shape+color","p984150","low","I tried to use what I learned in the learning phase/","Pink",0,0,0,0,0
"1A","p191463","low","I just chose randomly at first and then purple/orangish after feedback.",NA,0,0,0,NA,NA
"1A","p269913","low","I thin the images that were primarily green went in the right column but I was truly not sure.",NA,0,0,1,NA,NA
"1A","p382455","high","I put ones w/ 2 dark colors on the left and the opposite on the right",NA,0,1,1,NA,NA
"1A","p454214","low","A I saw alot of yellow and greennB was pink and greensnnwas my theory",NA,0,1,0,NA,NA
"1A","p490605","low","I tried to look at the shaded areas of the shapes and compare them to the earlier rounds. no other strategy really.",NA,0,0,0,NA,NA
"1A","p515928","low","I tried to put darker bottom colors to the right side.",NA,1,0,1,NA,NA
"1A","p590566","high","I noticed if A had lighter colors that combined to the third color it seemed to work to be A.  If it were darker colors I seleted B.",NA,0,0,1,NA,NA
"1A","p590888","high","Red blue and purple were in A. Yellow brown and orange were in B.",NA,0,1,0,NA,NA
"1A","p732251","high","Yes - If two out of three where red/yellow/purple they went in AnIf two out of three were fall colors then B",NA,0,1,1,NA,NA
"1A","p774924","low","second color",NA,1,0,0,NA,NA
"1A","p775527","low","I tried memorizing but there were to many variations.  I then tried only looking at the floor color - no good, then just went with intuition.",NA,0,0,0,NA,NA
"1A","p949615","high","B didn't have colors that could be created by other colors, A did",NA,0,0,0,NA,NA
"1B","p201158","low","At first it seemed that one color went left and then the other color went right, but that changed and I am not sure how what the new pattern was, but it seemed that 2 of a color went left then the next went right, then 2 right and 1 left, etc.  Not sure about this though. ",NA,0,0,0,NA,NA
"1B","p414165","low","Just tried to remember to colors of each circle.",NA,0,0,0,NA,NA
"1B","p417008","low","I tried to see what colors were going to which category. It appeared Red left went to A and pink R always went to B. It appeared Dark Green went to A. I was trying to find the pattern and the consistencies, but it was hard. More time and I may have been able to get it. ",NA,0,1,0,NA,NA
"1B","p437765","high","I ignored purple and put red, blue in A and brown yellow in B",NA,0,1,0,NA,NA
"1B","p765093","high","In my experience, it seemed that orange was a strong indicator of it going into category A.  Red and blue also played roles in them being distributed to the category B area.",NA,0,1,0,NA,NA
"1B","p81680","high","I seemed that any dot with Red belonged to category A. Any thing with Orange and Yellow went to category B.",NA,0,1,0,NA,NA
"1B","p847637","low","just the two top colors and the darkness of the colors",NA,0,1,1,NA,NA
"1B","p872286","low","I tried to identify some key trends - such as it seemed like the circles with the dark green colors always went in Category A and the circles with the lighter colors went into Category B.  Once I learned those rules, I tried to follow them with each round.",NA,0,0,1,NA,NA
"1B","p90211","low","I tried to remember the color combinations and associate each with either A or B. I picked a the relationship between a pair of colors and it fit fairly well.",NA,0,0,0,NA,NA
"1B","p954855","low","not really; black seemed to go on right and brighter colors on left",NA,0,0,1,NA,NA
"3A","p302215","high","I really had a hard time determining. I tried to tell if there was a relationship between the images (animals?) in the picture, or if they had a numeric value associated with them, but ultimately, I think it came down to memory.","There was a swan that I thought went more in category 'B', a large object on the left circle that I thought was in 'A' more often. There was one that looked a bit like a gecko that I thought was more in 'B', as well. ",0,1,0,NA,NA
"3A","p302821","high","There were 3 images so I figured the category would be based on either a single or combination of shapes.","For the second part where I wasn't told which was right or wrong, I used the right hand side of the images (Top right and bottom right)",0,1,0,NA,NA
"3A","p303516","high","At first it was trial and error, then when I noticed the pattern right off I kept on with it.","The shapes without the protruding sharp point went to A and the one with the pointed shape sticking up went to B.  I noticed that right off as I'm fairly good at seeing patterns quickly",0,1,0,NA,NA
"3A","p347685","low","I guessed on most of them, using shape orientation to guess.","I used the top shape to best guess.",1,0,0,NA,NA
"3A","p486003","low","I looked at the bottom third image to decide which category they go in.","I used the different sequencing of triangles in the images to decide which category they would go in.",0,0,0,NA,NA
"3A","p574428","low","I put images that were previously associated with Category A into the category A section, and vice versa.","I used the first shape shown on the left typically.",1,0,0,NA,NA
"3A","p651942","high","I tried to recognize combinations of shapes that were correctly categorized to either A or B","There was a shape with what looked to be a stick that went in category B.  There were a few with animal shapes that went in Category A",0,1,0,NA,NA
"3A","p669512","high","The \B\ were thinner, if that makes sense.","The shape the looked like a bear went to the \A\",1,0,1,NA,NA
"3A","p840203","low","Honestly it was hard and I don't think I know all the rules. I learned that some fit into their appropriate category by looking at one of the images and knowing that if one looks this way, it always goes into this category. but the images are so similar it's hard to remember and distinguish.","The bottom claps looking image.",1,0,0,NA,NA
"3A","p976178","high","If the image had abstract shapes I put it in Category A","shapes that looked like an elephant\nshapes that were all abstract looking",1,0,1,NA,NA
"3B","p10469","high","I looked at them as they were animals.  Some of them look like birds and frogs so I associate them with on category, while the other set look like an elephant.","The frog, bird, elephant shapes.",0,1,0,NA,NA
"3B","p180407","low","I used shapes that were on the left in category A and on the right for B. ","I just looked at the location of the shapes.",0,0,1,NA,NA
"3B","p195659","low","I was looking at the fullest black shape, and that always seemed to belong to category A.  If that shape wasn't in there, then it would go into category B","The shape that had the most full black in it. ",1,0,0,NA,NA
"3B","p201599","high","I decided based on specific pictures I saw that always seemed to go in one place.","I used two shapes in particular.",0,0,0,NA,NA
"3B","p20544","high","I tried to remember the feedback from the first phase.","I used the positioning of the images rather than the individual shapes.",0,0,1,NA,NA
"3B","p214248","low","i looked at the shapes","the ones that showed on the bottom",0,0,0,NA,NA
"3B","p215211","low","Depending on what part of the circle the images were. If they were on the right side i put them with B while left went to A.","No shape in particular depending on what side they were on i focused on.",0,0,1,NA,NA
"3B","p216949","low","I tried to pay attention to the shapes.","Some shapes looked like an open claw, others were closed.",0,0,0,NA,NA
"3B","p319316","low","looked at the images","one with the line",0,0,0,NA,NA
"3B","p337381","high","If it looked like an animal and a certain shape it went to A. the rest to b","animal and abstract",0,1,0,NA,NA
"3B","p376206","low","I USED THE CONTOURS OF THE THREE PREVALENT SHAPES TO HELP ME GET BY.","\THE BUNNY\ \THE HANGNAIL\ \THE WOLF\",0,1,0,NA,NA
"3B","p412048","high","Your graphics are glitching I can't see the question being asked for this space.\nIf you need me to fill it out, please email me after through Turk with the question and I'll respond asap.","Graphics are glitching, but I think I know what you're asking.   The \tower\ like piece went to the left side, the two blobs went to the right.",1,0,0,NA,NA
"3B","p478617","high","The feedback in the first portion led me to believe that it was based on the shapes alone.  There were only two pairs of shapes so this made sense to me.","They were random shapes that did not look like anything in particular but there were 2 different sets.",0,1,0,NA,NA
"3B","p480594","high","I tried to name the objects and then remember them","I used name like a fighter plane and a spear. ",1,0,0,NA,NA
"3B","p518712","low","I looked at which side of the circle the pattern was, but I don't think it helped. This feels random honestly. ","no particular shapes, just the sides of the circle",0,0,1,NA,NA
"3B","p526021","low","I tried to match where the shapes were. If the 2 were in a position the same as the others I put it with that group.","I\m not sure- only where the location was on the circle.",0,0,1,NA,NA
"3B","p548645","high","I paid attention to the shapes like the narrow shape was category A.","I tried to relate them to animals like a bird or a bear.",0,1,0,NA,NA
"3B","p563368","low","I simply guessed","what was on the left went into the left box and what was on the right went into the right box",0,0,1,NA,NA
"3B","p570473","high","I used the different shapes and compared them to a type of animal or person it looked like to remember the shapes.","the shape with the stick and the shape with the bird looking shape.",1,0,0,NA,NA
"3B","p592696","high","I paid attention to the shapes, then applied what I learned from the feedback.","polar bear, candlestick, airplane",0,1,0,NA,NA
"3B","p606343","low","I tried to notice what position the shapes were in and make an assumption based on that.","Top left two goes into A, Bottom right two goes into B.",0,0,1,NA,NA
"3B","p643245","low","I never did really figure out what determined the category, sorry.","I was trying to guess based on one I thought of as \bird\ but I never did figure out the rule.",1,0,0,NA,NA
"3B","p702382","high","If it had the shape of a \sloth\ or \Swan\ only it was A. If it had the tall strange shape it was B.","the tall shape vs animalish shapes",0,1,0,NA,NA
"3B","p707091","low","The shapes and which direction they were facing.","The right shapes.",0,0,1,NA,NA
"3B","p713006","low","There was one particular shape that I watched for that if I saw it, it meant it tended to be B.","THe blacks shapes within the pie chart",1,0,0,NA,NA
"3B","p726372","low","I looked at the shapes","ones that looked like faces",0,0,0,NA,NA
"3B","p728284","high","I formed an image of each figure. For example, I said to myself one is a goose and another is a bear in order to determine it.","Animal shapes, mostly.",0,0,0,NA,NA
"3B","p737158","low","There was a shape that looked like a dolphin and every time I saw it, I moved it to category A regardless of what other image it was paired with.","I used a dolphin, a school of killer whales, and a mermaid.",0,1,0,NA,NA
"3B","p825861","low","I noticed category A had a thicker image on one of the quadrants than category B did, so that's how I decided. ","The blobs, like mentioned above. One had a thicker quadrant.",0,0,1,NA,NA
"3B","p848496","low","I saw that certain shapes went to the category A and certain ones were in category B. When both images looked like a claw they were in A. The one that was more rectangular was in B.","two claw shapes vs. one that looked like one solid piece, more like a rectangle went in B.",0,1,0,NA,NA
"3B","p870808","low","Of the shapes that went into category A one shape had a closed crab like claw nature, for category B both shapes were open.","No particular shape was used to make my decision.",1,0,1,NA,NA
"3B","p88243","low","if the top image was on the right side it went to the right box, left side went to box on the left","the shapes all looked the same to  me",0,0,1,NA,NA
"3B","p885641","high","I was completely confused. At first I was looking to arrangements based on the location within the pie, but then decided that had no correlation. Then I tried to pay attention to shapes, but I had no ability to remember them, except the bear shaped one.","The sideways California bear.",0,0,0,NA,NA
"3B","p893551","high","I realized that the wheels that contained a somewhat vase-like shape were category A. The other shapes for category B were more roundish.","The skinny shape belonged in category A.",1,0,0,NA,NA
"3B","p962255","low","I tried to see if the position of the shapes on the pie made any difference but half the time I was wrong","I didn't see any particular shapes, they were just blobs to me",0,0,1,NA,NA
"3B","p983387","low","I looked at the specific shapes. I saw that for each category the exact same shapes appeared for each one.","The ones with the lines in middle was for category A, and the shapes that were opened were for B.",1,0,0,NA,NA
"3B","p995451","high","The 'fatter' shapes went into category B while anything that had a tall pylon shape went into category A","tall pylon",1,0,1,NA,NA
"s4_shape+color","p107490","high","I tried to remember which colors and images went in each box and focused more on the colors.","I used brown, orange and red to make my decisions.",0,1,0,1,0
"s4_shape+color","p107971","low","I tried to pay attention to shape and color. Some worked some didnt","the top one",1,0,0,0,0
"s4_shape+color","p163891","low","I tried to put the same colors or shapes together","the top shapes",1,0,0,0,0
"s4_shape+color","p183270","high","I used the color of the top shape if it was red it was more likely to be on the right. Also certain shapes on the bottom of the image were more likely to be on the right.","Red and the bottom shape.",0,1,0,1,0
"s4_shape+color","p183478","low","I paid attention to the shaps","Mostly the ones with the large inside square-like and rectangular-like images.",0,0,0,1,0
"s4_shape+color","p183989","high","I looked for similarities with the shapes and colors.","I saw animals in certain shapes.",0,0,0,0,0
"s4_shape+color","p193458","low","I looked at the shapes and when the symbols were slightly similar, but with different colors, i flipped the category. A lot of it was guessing but i think i had some kind of unconscious strategy that i cannot explain.","The combination of colors mostly, but if i had two in a row with one different color",0,1,0,0,1
"s4_shape+color","p222617","low","If the top one was the same shape or color as the previous image I put it in the same catergory. If the bottom image was the same shape but a different color I put it in the other catergory","The green and yellow ones were the ones I used the most.",0,1,0,0,1
"s4_shape+color","p292273","low","I used the feedback","green and red",0,0,0,1,0
"s4_shape+color","p305582","low","I paid attention to the color of each of the shapes.","The rabbit and the color",0,0,0,0,0
"s4_shape+color","p313267","low","Nope, I really tried to notice any particular pattern but then I got the same shape on both pieces of the wheel and somehow it went from being choice B to choice A. I really just believe this was random and you were attempting to get the user to think there was a pattern.","Green, weird shape that point to the top-left",0,0,0,0,0
"s4_shape+color","p328260","low","by color and shape and how the cracks are","green and pink",0,0,0,1,0
"s4_shape+color","p335042","low","I used the color of the first shape if it was red or green.","I used the color of the first shape if it was red or green.",1,0,0,1,0
"s4_shape+color","p342264","low","I paid attention to the shapes and colors","Greens and open shapes",0,0,1,1,0
"s4_shape+color","p348249","low","I was honestly just really confused and couldn't figure out a pattern.","There was one shape that looked kind of like an angel that usually went into B but I couldn't figure out a pattern.",0,0,0,1,0
"s4_shape+color","p352285","high","At first I tried to match up the colors, but then that didn't work all of the time. At that point, I found out that I got more right by relying on my instinct-what I thought was right intuitively.","I didn't use shapes, but I tried to put similar colors into the same category at first.",0,0,0,1,0
"s4_shape+color","p354857","high","I tried to remember which of the colors were placed into each category.","orange and brown",0,1,0,1,0
"s4_shape+color","p363168","high","i tried to remember ones i saw, and generally i feel like wider shapes went on the right.","red seemed to go on the left more as did the stalagmite looking shape",1,0,1,1,0
"s4_shape+color","p380222","high","It seemed like if two of the exact colors & shapes came up in a row they went to the same side. If they were completely diffrent they went opposite.","all",0,0,0,0,1
"s4_shape+color","p401150","high","I looked for the color and shape that went in each box. I honestly didn't understand some of the reasons they worked or didn't work at times. I used about 50% intuition. The rest was going by if a color and shape combo had worked in the previous step.","Orange, red, brown, and purple are the colors I remember. For shapes I assigned what it most looked like to me. So those categories were: candle stick, bird, and bear. One I didn't categorize.",0,1,0,0,1
"s4_shape+color","p406921","low","I tried matching shapes of the top figures, as well as sequencing the colors.","The claw shape, and the pink one were my base figures.",1,0,0,1,0
"s4_shape+color","p417187","high","i tried to remember which shapes were the right ones but it seemed like it changed often.","brown orange and big little",0,0,0,0,0
"s4_shape+color","p440869","high","I figured most of one shape in one color was on the right, and it was usually the left most shape","brown on the red, red on the left, triangle shaped 'head'.\nscribble was always on the right",1,0,0,0,1
"s4_shape+color","p448402","low","If the two shapes had shapes in common and one of those was the same color, I tended to put them in the same category.","I tended to sort darker colors together. Especially when they had a tan or lavender color with them.",0,1,1,0,1
"s4_shape+color","p451754","high","I tried to identify the \thin-ness\ or \thick-ness\ of a colored shape and decide if it was exclusive to one bin or the other, then used that to help develop a rule. ","Brown, Red, thin and thick",1,0,0,1,0
"s4_shape+color","p457687","high","I tried memorizing patterns and used feedback to remember if a certain pattern was right or wrong ","usually reds and browns",0,0,0,1,0
"s4_shape+color","p482327","low","I honestly couldn't figure out pattern so I alternated going back and forth.","The gaps in the shapes that aimed downward or sideways.",0,0,1,1,0
"s4_shape+color","p483874","low","For the first 3 (before they changed images) the pattern I started using was that if they were both bold (not faded), they went to category B. The exception to this is if the image on the left side was the one that looked like a \woman\ (in my head, the image looked like the outline of a woman's hairstyle). If that \woman\ was bold, she had to go into category A. Faded and she went to B. The ones mixed with faded/bold also went to A. I had no idea what I was doing on the last one though I felt like I instinctively wanted to drag certain ones into certain categories based on what I was doing before, though after I started thinking about it I lost track of that pattern and didn't know where anything went.","I was using the faded/bold colors to make my decisions and the thing that looked like a woman's hairstyle (or maybe it didn't, but at first glance that's what I saw so I went with it for the rest of the time and thought \woman\).",1,0,0,0,1
"s4_shape+color","p492001","high","I thought that I had a pretty good mental understanding of the colors, but I did disregard the shapes a bit.","Orange and brown were on both sides. Purple and brown was only on the left, I believe. Red and purple were more on the left than right. Again, admittedly, I did get caught up in the colors far more than the shapes (which did not work out so well, obviously).",0,1,0,1,0
"s4_shape+color","p530563","low","I used the previous feedback to help me decide, and at the same time I paid attention on the different shapes and colors.","red color",0,0,0,1,0
"s4_shape+color","p542577","low","I was pretty confused on the pattern that was used for the sorting. I tried to look at the shapes and certain shapes I would put in different categories. I also tried to look at the color and shading of the shapes. Some shapes were not as brightly colored as others.","The dimly colored shapes I tried to separate. It an image had to two brightly colored shapes I would put them to the right.",0,0,1,1,0
"s4_shape+color","p558389","low","I think it was a left/right pattern not the colors and shapes","none...very confusing!",0,0,0,0,0
"s4_shape+color","p57418","low","I tried to determine which combinations of shapes and colors yielded a correct answer. Shapes were remembered by their angles and the direction those angles pointed.","In the last trial, I sorted items with green on the bottom shape to the right side.",1,0,0,1,0
"s4_shape+color","p624968","low","I couldn't come up with a rule.  I noticed a certain pattern of pink would go into a particular group.  ","",1,0,0,1,0
"s4_shape+color","p626492","low","I tried to see if there was a pattern to the colors or shapes. Like, if there could only be two of a certain color or shape in a row.","Mustard yellow seemed to be important to me. The shape on the bottom right also seemed mildly important.",0,1,0,1,0
"s4_shape+color","p694245","low","I thought that the the shape and color combo had something to do with it so I followed my intuition and feedback.","The slightly arched ones, the ones that looked like a clawed hand combined with blue and red.",1,0,0,0,1
"s4_shape+color","p704671","high","I still was somewhat confused. Color and shape was a factor.","animal shapes and shapes with sharp corners. Wether the shape was orange or brown or red or purple guided my decisions",0,1,0,1,0
"s4_shape+color","p726390","low","I used the feedback and tried to differentiate between the images.  I was looking for a color pattern or a color combination pattern.  Same with the shape.","yellow, green",0,1,0,1,0
"s4_shape+color","p740274","low","Green/Blue shapes tended to go into category A, but only sometimes. It would be easy to sort if I had written down.","Green/Blue was usually category A, red/pink was usually category B, etc. I mostly went with gut feeling.",0,1,0,1,0
"s4_shape+color","p742929","high","I just tried to do my best to imagine which one they went to.","Tried to memorize which shape or color for the bottom item went where.",1,0,0,1,0
"s4_shape+color","p763076","high","I tried to pay attention to the shape and colors.","The brown and purple colors. I'm not really sure what the shapes were.",0,0,0,1,0
"s4_shape+color","p778643","low","If the two shapes were identical,  I separated them.  Just one was okay.  ","Red and purple",0,0,0,1,0
"s4_shape+color","p783052","high","It was always the images on the bottom.   the opposite color image would be in different boxes as well as shape","brown and red",1,0,0,0,1
"s4_shape+color","p794319","high","I first looked at the two shapes and sometimes i knew from that where it went if i wasn't sure after that i took the colors into account, as for some of the pictures has the same shapes but went into different boxes due to the color.","I feel that i took them all into account",0,1,0,0,1
"s4_shape+color","p812919","low","I tried to focus on two specific shapes.","the shapes on the right side",1,0,0,1,0
"s4_shape+color","p817960","high","I tried to pay attention to both shapes and colors. I looked at the combination of colors and shapes and tried to figure out a pattern.","I tried to concentrate on the red/purple combination the most.",0,1,0,1,0
"s4_shape+color","p843300","high","I tried to use my intuition and I was attempting to recognize the various patterns, shapes and colors that corresponded with each category.","Red, brown, orange ",0,0,0,1,0
"s4_shape+color","p967685","low","I couldn't really figure out a pattern, so I used luck ","Orange vs green mostly",1,0,0,1,0
"s4_shape+color","p99064","high","I tried to memorize the lower right object category.","All of them, depending.",1,0,0,1,0
"s4_shape+color","p991398","low","I could not figure out the categories at all. At the end of every phase, I was left confused and had no idea why each shape belonged to a category. I tried testing the colors, whether they were separated from the \top\ shape and \bottom\ shape, the orientation of the shapes, and the differences between angles of the shapes. I was not able to figure it out and I had difficulty remembering the shapes I organized before.","I tried to use all of them, but was left lost no matter what the shape or color was.",0,1,1,1,0
